lag,autocorrelation
0,1.0
1,0.9894397375846793
2,0.9613086427303826
3,0.9168718461817961
4,0.857541373092787
5,0.7855796756489094
6,0.7025058131843941
7,0.6106986063542312
8,0.5121394415771782
9,0.409356899869122
10,0.3043626726022242
11,0.19943052744569034
12,0.09670149688984934
13,-0.0020605655466952562
14,-0.09478103204527798
15,-0.17961976345345632
16,-0.25545513427713545
17,-0.3209743235057344
18,-0.3756269552582012
19,-0.4191762852195936
20,-0.4511562084866309
21,-0.47168509338251907
22,-0.4811317427987291
23,-0.48008865012316204
24,-0.4693155186519775
25,-0.4497400069940766
26,-0.422383099986714
27,-0.3883694270541544
28,-0.34888454765823057
29,-0.3051771320346381
30,-0.2584794177123889
31,-0.20975456367881032
32,-0.16034070243532877
33,-0.11127892706299637
34,-0.06350048033895823
35,-0.01804588868464026
36,0.024660528245977847
37,0.06384184929269607
38,0.09934213587519379
39,0.13089301180863738
40,0.15834100537070808
41,0.18185062139910077
42,0.20119095348388333
43,0.2164519676336633
44,0.2278296675991138
45,0.2355647310587432
46,0.23997366541177514
47,0.24140501761609037
48,0.24025813721666925
49,0.23690622515438114
50,0.23171336405295567
51,0.22499729489587952
52,0.21705636932745448
53,0.20812844433918817
54,0.1984115892351032
55,0.18807669374130928
56,0.17726468111916163
57,0.1661001463743671
58,0.15469695577070308
59,0.14311164115309769
60,0.13138351464032216
61,0.11955013973854554
62,0.10765167290552548
63,0.09570090600042101
64,0.08371710130823959
65,0.07172075549607747
66,0.05974151866261417
67,0.04781700822081945
68,0.03603941179164644
69,0.02451384120233398
70,0.013378471773821829
71,0.0027545868929538665
72,-0.007201959129515518
73,-0.016340590555169537
74,-0.024752530117486696
75,-0.03210760791608682
76,-0.03825274009563074
77,-0.04305056416611637
78,-0.04635114278466399
79,-0.04804007991129503
80,-0.04778485892525854
81,-0.04576003744323075
82,-0.041727400420696
83,-0.03604031932801787
84,-0.028821900640933058
85,-0.020275986216002878
86,-0.010605772059690807
87,-6.957762191383861e-05
88,0.010848749883534962
89,0.022129247784845155
90,0.03346364830126968
91,0.04454306715044375
92,0.0550668089143607
93,0.06473579702190282
94,0.07328729199290163
95,0.08048251315565066
96,0.08612570498377096
97,0.09005988230575644
98,0.09219996363913113
99,0.09253793533885321
100,0.09111704167318074
101,0.08803983641528632
102,0.08348063133594957
103,0.07765818108198504
104,0.07083687635244044
105,0.06330099311385413
106,0.055348532165565914
107,0.047278387967190666
108,0.03939316652620701
109,0.03196941197233973
110,0.02501164021805466
111,0.018955853597141647
112,0.01402390522582307
113,0.01036989948100535
114,0.008352268104052315
115,0.0077866505329582504
116,0.008660234328895563
117,0.010900336584301238
118,0.014603635487185502
119,0.01930621501356749
120,0.02479962252018632
121,0.030846664648989622
122,0.03696587135932629
123,0.04322455159902187
124,0.04941993215334242
125,0.05535624572493909
126,0.0608510995609705
127,0.06573802826137222
128,0.06989507128811513
129,0.07321428705755259
130,0.07563099736551737
131,0.07709060790057491
132,0.07759077932193795
133,0.07713399351445986
134,0.07581259650147597
135,0.07372741106060483
136,0.07104041532413993
137,0.0678972162134308
138,0.06446334335998083
139,0.06087436959008204
140,0.05726609425449451
141,0.05373943042169106
142,0.05040139554257625
143,0.04732645593118729
144,0.04457437940734571
145,0.042176820245472736
146,0.04018027412313507
147,0.038602796879954035
148,0.03746040186466565
149,0.036735478735881164
150,0.03640508893865141
151,0.03640789242768808
152,0.03668630690841329
153,0.03716113476846528
154,0.03776297137698397
155,0.03839928682512974
156,0.03901048755338145
157,0.039543152374731
158,0.03996530659749991
159,0.04024592704148013
160,0.0403692769792547
161,0.04031676633995711
162,0.04006992780855824
163,0.039613923086401985
164,0.03894965939367904
165,0.03807805853363204
166,0.037018212059177075
167,0.03579194231976019
168,0.03444129167961194
169,0.0330208004803095
170,0.031592927039160404
171,0.030228542712270937
172,0.029009918446194504
173,0.027995267541817987
174,0.027231384697174864
175,0.026760992877997786
176,0.026610045706051532
177,0.026793722498794196
178,0.02733331044639747
179,0.02823519365709744
180,0.02948616847792183
181,0.031046232746383857
182,0.03289243414700227
183,0.03497779091218175
184,0.0372421080880514
185,0.039612849491598205
186,0.0420125575033848
187,0.044347474378659296
188,0.04652506663916963
189,0.04847253338988413
190,0.050104665417981434
191,0.05135678282681723
192,0.05217790268979834
193,0.05253810422578025
194,0.052679507989705235
195,0.05235011721629472
196,0.051559444458230304
197,0.05031591135759287
198,0.048173462329553024
199,0.04569845025464417
200,0.04302096471704854
201,0.04025776389599987
202,0.03777689936933249
203,0.035437395731529604
204,0.03336466040459492
205,0.03165942691256084
206,0.03042336547034146
207,0.0297135481106392
208,0.02958887686848805
209,0.030067904766858472
210,0.030892444250007815
211,0.03226921191854389
212,0.034408042642772724
213,0.03698525272890819
214,0.040124677382067965
215,0.04341702796141673
216,0.04648473619363956
217,0.04940773215073036
218,0.05202188050725518
219,0.05415332330861625
220,0.055680720805302834
221,0.05647182548713205
222,0.056435752951984094
223,0.05551621336530529
224,0.053711235219748465
225,0.05104183174665821
226,0.047570656249782343
227,0.043401493607393156
228,0.03892568056334582
229,0.034069488264754026
230,0.029014943748656177
231,0.023946456390216152
232,0.018834132842343913
233,0.014135121378308687
234,0.00983958290606763
235,0.006409471386806383
236,0.0040319977795701374
237,0.0028585540195669406
238,0.0032066799218896545
239,0.004850942809978509
240,0.0077539223762057505
241,0.011825057611708595
242,0.016964471176504296
243,0.023018060617990378
244,0.029563391942554047
245,0.036633752839279325
246,0.04426993706853392
247,0.05201083244315761
248,0.05961927785736415
249,0.06684710612895939
250,0.07367599222396522
251,0.0796163336464945
252,0.0842262986895568
253,0.08757896070259856
254,0.08952736489963176
255,0.09001287285788112
256,0.0890317362036543
257,0.0866238811943932
258,0.08286647747530666
259,0.07787104632863648
260,0.07178850652989383
261,0.06479619381475622
262,0.0571028975008094
263,0.048922843720515516
264,0.040493421182630406
265,0.03204037636236303
266,0.023809236206932025
267,0.016047590749594824
268,0.009005392095970321
269,0.002887454355787088
270,-0.00212045289314531
271,-0.005884443292500755
272,-0.008302556862589147
273,-0.009327807558489243
274,-0.00895261733160431
275,-0.007221000697221987
276,-0.004198141879327204
277,1.630677733838022e-05
278,0.005306002924303716
279,0.011505462420784422
280,0.01845113080593578
281,0.025930773054758053
282,0.03373816689180051
283,0.04163653160940987
284,0.04940232842753542
285,0.05678352217839438
286,0.06356440382984953
287,0.06952736857465967
288,0.07450702992450811
289,0.07836180451662231
290,0.08099951109699854
291,0.08235315547267792
292,0.08240748219114327
293,0.08118366508681878
294,0.07874051694779537
295,0.07515507620429726
296,0.0705659973885054
297,0.06511417669424323
298,0.05897427708315351
299,0.052339266711073175
300,0.045418857194136526
301,0.03843407648863157
302,0.031631763820557816
303,0.02523672731858802
304,0.019481766188773255
305,0.01456412637756311
306,0.010650021833424485
307,0.007574373540404593
308,0.0056161287151762634
309,0.004802491077517246
310,0.00512479417795819
311,0.006771956354301025
312,0.009440148018272239
313,0.012979164751659573
314,0.017230301154690656
315,0.022242830926541318
316,0.027526985947429333
317,0.03284810015168771
318,0.037967508851274395
319,0.04243722787597556
320,0.0463659828612222
321,0.049591882086464464
322,0.05199041482974525
323,0.05372704327712115
324,0.05454748190990325
325,0.054184010336810584
326,0.052883041005098864
327,0.050726787157995945
328,0.04783323358585691
329,0.044347558120245587
330,0.040450058771162735
331,0.0360788155999575
332,0.0317352061940826
333,0.027844345759490012
334,0.024329002167740255
335,0.021366980948734477
336,0.019100765308666633
337,0.0176319341034538
338,0.017052225660337816
339,0.017410534111889277
340,0.018708776570279622
341,0.02091578998284681
342,0.02395846521779792
343,0.027713172109021713
344,0.03203317993619257
345,0.036740991177717
346,0.04167341377612015
347,0.04662452721092043
348,0.051394940140257674
349,0.05577462247832336
350,0.05959247088843463
351,0.0626819087783811
352,0.06492206145922429
353,0.0662117152834315
354,0.0665019337420443
355,0.06576474985291383
356,0.06402532807196021
357,0.061334972054427714
358,0.05778689284516815
359,0.053491242380602676
360,0.04859897513850818
361,0.04326510296117713
362,0.037651269246066765
363,0.031940074445113924
364,0.02632003873200778
365,0.020970243968041
366,0.01606709899446342
367,0.011757969720623384
368,0.008166743637517888
369,0.005389579111242391
370,0.0034940550795547645
371,0.0025095917800858967
372,0.0024331365071585923
373,0.003216232979570506
374,0.004798220231371509
375,0.007094607796979648
376,0.010026075441838311
377,0.013501301200758759
378,0.01743409865852696
379,0.021712104503303315
380,0.02621700066978954
381,0.030826753043360067
382,0.03542296122969204
383,0.03987333343378624
384,0.044027367501408295
385,0.047751874964872355
386,0.05094039123245076
387,0.05349831843730569
388,0.05536193963560257
389,0.056498498708629094
390,0.056887541531126885
391,0.056529847902952145
392,0.055441910996710524
393,0.05367080294217393
394,0.05127865512962547
395,0.04833400816998479
396,0.04492530263037902
397,0.04115777729204103
398,0.03715347188001004
399,0.033043177664560726
400,0.028975974316065623
401,0.02509650738378906
402,0.021551340543546377
403,0.01847351345644653
404,0.015976759517955973
405,0.01414792849254156
406,0.013049026025874684
407,0.01271901506592916
408,0.013179762390924943
409,0.014407192993991229
410,0.016366937444621355
411,0.01900633139910286
412,0.02226024211411816
413,0.02599327496229738
414,0.030091825193172113
415,0.03440637493565887
416,0.03879218747568937
417,0.04307263966891246
418,0.04709308634894933
419,0.05069701412772211
420,0.05375246374993271
421,0.05613933010989614
422,0.05778393671995507
423,0.05866230413501129
424,0.05878218959638768
425,0.05815529539650659
426,0.05682644422652897
427,0.05485018361417363
428,0.052321909980174164
429,0.0493355371783366
430,0.04601126852173626
431,0.04245776339784482
432,0.03880839456339018
433,0.03518088531860974
434,0.03170340977203282
435,0.02846715433649425
436,0.025569011433346386
437,0.023071117948969305
438,0.021025931821833887
439,0.019448829489363308
440,0.018337020661456805
441,0.017666849894656302
442,0.017402964008251923
443,0.01749321010192628
444,0.017880681239107903
445,0.01850377351731694
446,0.019301265608002084
447,0.020205576301217512
448,0.02115872174790508
449,0.022101486657282177
450,0.02297814902147057
451,0.023746447058582715
452,0.024382109048179754
453,0.024872356555540848
454,0.025223278943363927
455,0.02546942218061795
456,0.025647454195961702
457,0.02579524144514049
458,0.025935107809892416
459,0.02610686382653514
460,0.026348181795050843
461,0.02668665425053478
462,0.027151864493061104
463,0.027758860984206248
464,0.028530595988771938
465,0.02947270141911626
466,0.03059536767645359
467,0.031889300987797194
468,0.03332488171176868
469,0.034858185835773804
470,0.036442115733347206
471,0.03801938464088714
472,0.0395255437508959
473,0.04089266138148648
474,0.04207281253234093
475,0.04300603427429605
476,0.04365597159845052
477,0.043985660228687426
478,0.04398873415372192
479,0.043658434330702704
480,0.043005488884147
481,0.042047969671095184
482,0.04081937811058917
483,0.03934590087293086
484,0.03768238660987252
485,0.03588945351617881
486,0.03404950324711813
487,0.03222672562665672
488,0.03050729601338049
489,0.028942825765853004
490,0.027606949615446182
491,0.026544112992764986
492,0.02579719767902013
493,0.02537508223929478
494,0.025285049146392992
495,0.025514850665584055
496,0.02605850243005871
497,0.026898729510815546
498,0.028019974564958416
499,0.02938912151149164
500,0.030974114089053005
501,0.032720438678403206
502,0.03458373754723546
503,0.03649890513886169
504,0.03839864348971546
505,0.04019205618147506
506,0.04181826696971405
507,0.043213939999508566
508,0.04434142938366337
509,0.04515478897291185
510,0.0456327022000442
511,0.04576629644775407
512,0.04554234248909713
513,0.04496140127035143
514,0.04403137190915636
515,0.04276813837947476
516,0.041184652994021416
517,0.03928844604307361
518,0.037115907977178605
519,0.03471891130992786
520,0.03215733624030562
521,0.029504262139684715
522,0.026843200961944896
523,0.024247046063881138
524,0.021785270720319688
525,0.0195286746813985
526,0.01754314400106211
527,0.015882249215880235
528,0.01459280958974106
529,0.013719348905748035
530,0.01328886062705934
531,0.013314151390693689
532,0.01381146727536042
533,0.014775720588596537
534,0.016185340233261743
535,0.018007984857174177
536,0.020191452404265686
537,0.022661356784328356
538,0.025331481062581512
539,0.02810134608646531
540,0.030873897704174962
541,0.03354250385392543
542,0.036004262260742194
543,0.03818666805135068
544,0.0400447926235215
545,0.041543364570709236
546,0.042654484680440925
547,0.04336852158259577
548,0.043702130184306937
549,0.043667761974080996
550,0.04329990065560261
551,0.04263634765741665
552,0.04175025344702559
553,0.04071082737465615
554,0.03961504110596819
555,0.038554341780417285
556,0.03763564063350849
557,0.03693252284624949
558,0.036517515505580564
559,0.03641936147150781
560,0.03665818451992236
561,0.03722647295919119
562,0.03811441333432472
563,0.03929263143138588
564,0.0407059205556236
565,0.04227824018524337
566,0.043945661090357385
567,0.045598765132770565
568,0.047154152339557776
569,0.048498614754307126
570,0.04953979441725464
571,0.05018415155665541
572,0.05035711220107246
573,0.05000367645816828
574,0.04909796347445191
575,0.04762434224747038
576,0.04560384594511606
577,0.04307990830130231
578,0.040108778360527154
579,0.03675252150231254
580,0.03311208796911745
581,0.02928464375966426
582,0.02537484883415229
583,0.021497202393239472
584,0.017757413675590965
585,0.014264016797034953
586,0.011126496530451484
587,0.00842932589753361
588,0.00624406604438679
589,0.0046216850723255695
590,0.0035838546640515343
591,0.0031324869718623717
592,0.003268701898063797
593,0.003954285268309467
594,0.005152860289770365
595,0.006827384881404195
596,0.008921017192613935
597,0.011372639239208622
598,0.014124333638168946
599,0.017114040966191443
600,0.020259437687164372
601,0.023498162729820367
602,0.026748656828288798
603,0.029938531433959293
604,0.03300738809315849
605,0.03591207224952076
606,0.03861686861361633
607,0.04109603249722704
608,0.043336253365897894
609,0.0453285109744449
610,0.04707910979927647
611,0.04857701867276613
612,0.0498202518879773
613,0.050806093743838404
614,0.051545625375081665
615,0.052019301337944225
616,0.052245368391524424
617,0.05222840996618072
618,0.05199877360764844
619,0.051575789897091766
620,0.05099362509938843
621,0.05027738526433722
622,0.04944665788079663
623,0.04850074889924636
624,0.04745217969415939
625,0.0462912489345267
626,0.0450130081831273
627,0.04360522097329351
628,0.04208899097430476
629,0.04048064389086069
630,0.03880995473414152
631,0.037093140631672204
632,0.03536982391646583
633,0.03364944010637333
634,0.03195521769770211
635,0.030280667618548127
636,0.028627938666898865
637,0.02697191341275128
638,0.02531379147692725
639,0.02364598560327296
640,0.02198501520222422
641,0.020335112288848937
642,0.01872495029630343
643,0.01716799809339756
644,0.015690113713109532
645,0.01430535742756133
646,0.013036503838683853
647,0.01189338238509754
648,0.010901301386986667
649,0.010081272638076465
650,0.009460424487283658
651,0.009080686968191611
652,0.008987564959221308
653,0.009229571622718334
654,0.009855733869468655
655,0.01089587788181398
656,0.012374390088695064
657,0.0142973778145665
658,0.016652644161882207
659,0.019411999425890534
660,0.02252834755660683
661,0.02594582338415898
662,0.029594017690448945
663,0.03339556065259387
664,0.03728181271312946
665,0.041186643791343666
666,0.04503963291100316
667,0.048749821196603045
668,0.052227561458331476
669,0.055395866813724
670,0.058157936728717885
671,0.06043663363633825
672,0.06217248368435215
673,0.06331524079693264
674,0.06382876817635043
675,0.06372131447516668
676,0.0630237346909139
677,0.06177723096968102
678,0.06003334659924187
679,0.05785153112896607
680,0.05529941067302141
681,0.05243083316469395
682,0.04930930746154809
683,0.046008642830140535
684,0.0426112323145691
685,0.03919039091289621
686,0.03582684913090482
687,0.03259115269855354
688,0.02955759339884523
689,0.02677482379211538
690,0.02429059550539924
691,0.02212280790960303
692,0.020279310860451885
693,0.01874768109419748
694,0.017527216332869376
695,0.016599079414691853
696,0.01594761984744369
697,0.015549765427490826
698,0.015402880957586929
699,0.015465961051219095
700,0.01572900210896363
701,0.01616087382072799
702,0.0167598066804763
703,0.017499003703930243
704,0.01836947856449376
705,0.01935605940109148
706,0.020463724583746103
707,0.021683313635915864
708,0.023016802596879223
709,0.02446555989963748
710,0.02603100130208709
711,0.027697887982071148
712,0.029466825518210962
713,0.031337158805928945
714,0.03328690547884083
715,0.03529115975701091
716,0.0373357377796664
717,0.03938798576311138
718,0.04142920458060703
719,0.043428055905838175
720,0.04535700322605751
721,0.04717953015137604
722,0.04887034065922095
723,0.050394222411031
724,0.05171933140083621
725,0.05280712564899327
726,0.05363352162073482
727,0.05417325342198678
728,0.054411328678815846
729,0.0543261219110443
730,0.05391913367002679
731,0.05319570722411614
732,0.05215032213598038
733,0.050786043792862175
734,0.04909439191638101
735,0.047087615296183695
736,0.04478266872814135
737,0.042211469289033805
738,0.039414176505353345
739,0.036441203741720385
740,0.03335120202282237
741,0.030198337914418973
742,0.02704304669487847
743,0.02394142482755964
744,0.020945726576835355
745,0.018095905141672648
746,0.015436147770919869
747,0.013001048637547193
748,0.010842099666031033
749,0.00901784522896044
750,0.007590126505933125
751,0.0066037509517741675
752,0.006118779887644215
753,0.006175319709680385
754,0.006802581292802996
755,0.007996649972564683
756,0.009740613516169377
757,0.011985116433998704
758,0.014679688740256653
759,0.017752659404525632
760,0.021131217193317797
761,0.024746174710107288
762,0.02852293875155405
763,0.032382413584600575
764,0.03624079210173068
765,0.039992378360277865
766,0.043541952789555076
767,0.046771539102924795
768,0.049591377937093534
769,0.05188692230980787
770,0.053586475685823975
771,0.05461767870716908
772,0.05495178125319354
773,0.05457344386907115
774,0.05350765766731444
775,0.05178642850258601
776,0.04946065175012373
777,0.04659238980314679
778,0.04326021189803819
779,0.03954276386306224
780,0.0355376698445672
781,0.031336707222186545
782,0.027046347195892224
783,0.0227745543172619
784,0.01864590123794233
785,0.014779280682571921
786,0.011300692170817545
787,0.00829651707279132
788,0.005834992633292847
789,0.0039483002079081266
790,0.0026491535729920223
791,0.0019368983502081336
792,0.0017909649266941432
793,0.002170816668430029
794,0.003046749350760986
795,0.004376808787541374
796,0.006128207193917699
797,0.008262084098894219
798,0.010728443030127896
799,0.01347002073248688
800,0.01641642296899704
801,0.019485163785336525
802,0.022598605382305337
803,0.025680453496843374
804,0.028663848050224885
805,0.0314965090333974
806,0.0341330631110715
807,0.03654036745932406
808,0.038692872247025986
809,0.04057545263000884
810,0.04217239943713563
811,0.04346895713168964
812,0.044451991486455206
813,0.04510718135960591
814,0.04542730617849591
815,0.04540783395681638
816,0.04505752077406706
817,0.044383992418453866
818,0.043408419547408976
819,0.04215948821577317
820,0.04067462042110112
821,0.03898882363486684
822,0.037137361582116675
823,0.035165103628755724
824,0.033105901608085665
825,0.030986843369112307
826,0.028850900292563514
827,0.026740617338216827
828,0.02470351759969089
829,0.022769649715334708
830,0.020976796694893156
831,0.019355572388532652
832,0.017943989692464232
833,0.016754207012720485
834,0.015800268070096983
835,0.015079059327983587
836,0.014588484400182603
837,0.014312431669092
838,0.014245423351642097
839,0.014369123680292467
840,0.01467642799905259
841,0.015153849386705408
842,0.015779135043903915
843,0.016520202740429087
844,0.01736629336555413
845,0.018295025998015243
846,0.01929096179375316
847,0.020338487842666588
848,0.021429228756887724
849,0.022552614842955142
850,0.023719221590608422
851,0.024930158659001136
852,0.02619812575185754
853,0.027525812832676005
854,0.028912176549164677
855,0.030349271868725505
856,0.03183712176612493
857,0.03336001519970921
858,0.03490911316211636
859,0.03647171012735122
860,0.03803448046108346
861,0.03957458418514635
862,0.04106964843357826
863,0.04248968415551758
864,0.04379953545223948
865,0.04495523400216203
866,0.04589475070299016
867,0.04656098172749351
868,0.04690181512198599
869,0.046883442593899614
870,0.04647938443291442
871,0.04568348575374482
872,0.04450544605746416
873,0.04297007028985551
874,0.04110924474124483
875,0.03896659536017861
876,0.03657824178628783
877,0.033993673486875424
878,0.031261330710618734
879,0.028437261056135362
880,0.025578829213327714
881,0.022764048702983364
882,0.020070518397064308
883,0.01758127280744781
884,0.015372461681609561
885,0.013501399540865117
886,0.01202676118978599
887,0.010979923003701316
888,0.010362028815327272
889,0.010168044985724307
890,0.0103750681489846
891,0.010951227797339098
892,0.01186191400807013
893,0.013072349084124796
894,0.014550708568205195
895,0.016254577599720876
896,0.018142835349107635
897,0.02014922299532966
898,0.022210341137004118
899,0.02426212106561521
900,0.02625197078262148
901,0.0281009485395416
902,0.02977027608442892
903,0.031215724199398002
904,0.032423811452252316
905,0.03338569350332807
906,0.03411130455344734
907,0.03460892331131514
908,0.03490198329438839
909,0.03499545257179771
910,0.03490135317192777
911,0.0346108164733936
912,0.03413423150047053
913,0.03348269307209831
914,0.03266391938735207
915,0.031703051309483726
916,0.0306321015201428
917,0.029486267813360847
918,0.028308573204781046
919,0.027128232378707855
920,0.025970357987093313
921,0.024844595104642535
922,0.023767040467461746
923,0.02273911539197892
924,0.021775542179983457
925,0.02088642383773235
926,0.020100289346142785
927,0.01944944444705788
928,0.018972433977459024
929,0.018706272001248025
930,0.018682894286561173
931,0.01891888673488498
932,0.019416609884326745
933,0.020156542165159264
934,0.02111748036567168
935,0.022257290586878187
936,0.02353543979311839
937,0.02491375710918361
938,0.026347619131521463
939,0.027795391927881354
940,0.029209714791310282
941,0.030552733979181457
942,0.031781324711506645
943,0.03284489845596982
944,0.033693464634235254
945,0.03428785083865748
946,0.034591307211326396
947,0.03457911847860286
948,0.034255443336516644
949,0.033623950248889055
950,0.03270705765015634
951,0.031537409708181995
952,0.030157327522252544
953,0.02861984103678783
954,0.026971920399060663
955,0.02527251300706768
956,0.023578223027921993
957,0.021943086249944774
958,0.020424209987667252
959,0.019075651332229698
960,0.017952587910589523
961,0.017097421873943277
962,0.016547796905526085
963,0.016315985133262732
964,0.016395071988374765
965,0.016771059683488788
966,0.017427248492650992
967,0.01831395329768105
968,0.019398561844790555
969,0.02063147710378553
970,0.021978536808814054
971,0.023388147709482294
972,0.024818312769384274
973,0.026221665037578373
974,0.027558138452263962
975,0.028785158292089982
976,0.029869254245879117
977,0.030789377345814103
978,0.03153632214487488
979,0.032095345523810964
980,0.032482766986508226
981,0.032707864234040235
982,0.032802583634919495
983,0.032795739713607906
984,0.0327243617367009
985,0.03261001215962917
986,0.03247429904493102
987,0.03231433863388157
988,0.03213064442140119
989,0.03191981589602424
990,0.03168447321514988
991,0.03142165478138647
992,0.031143160261787477
993,0.03084761611150695
994,0.030547596293969144
995,0.030247828480925294
996,0.029951186545386293
997,0.029636046452727747
998,0.02928704900212297
999,0.028886439390919703
1000,0.028420201048658986
